Symbol,Company Name,Market Cap,Stock Price,Percent Change,Revenue
VNOM,"Viper Energy, Inc.",9.99B,46.90,1.43%,794.41M
AIT,"Applied Industrial Technologies, Inc.",9.98B,260.03,-1.36%,4.48B
BRBR,"BellRing Brands, Inc.",9.98B,77.35,-2.57%,2.00B
HSIC,"Henry Schein, Inc.",9.97B,80.00,-0.04%,12.50B
DBX,"Dropbox, Inc.",9.96B,32.15,0.06%,2.54B
DOX,Amdocs Limited,9.95B,88.19,0.83%,5.00B
ALB,Albemarle Corporation,9.90B,84.19,-1.70%,6.50B
PNW,Pinnacle West Capital Corporation,9.89B,86.96,-0.20%,5.02B
TTEK,"Tetra Tech, Inc.",9.86B,36.80,0.63%,4.50B
MTSI,"MACOM Technology Solutions Holdings, Inc.",9.83B,132.25,1.06%,729.58M
AOS,A. O. Smith Corporation,9.76B,67.30,0.49%,3.82B
CR,Crane Company,9.75B,170.32,-0.77%,2.13B
WTRG,"Essential Utilities, Inc.",9.74B,35.48,0.06%,1.96B
CFLT,"Confluent, Inc.",9.73B,29.68,0.61%,915.61M
BSAC,Banco Santander-Chile,9.73B,20.41,0.10%,2.10B
LKQ,LKQ Corporation,9.72B,37.39,-2.22%,14.50B
PRI,"Primerica, Inc.",9.68B,290.17,-0.38%,3.14B
CIB,Bancolombia S.A.,9.68B,39.55,-0.73%,5.14B
QGEN,Qiagen N.V.,9.65B,44.64,0.29%,1.97B
CRS,Carpenter Technology Corporation,9.64B,193.06,-0.30%,2.88B
UWMC,UWM Holdings Corporation,9.64B,6.03,-5.04%,2.73B
MRNO,Murano Global Investments Plc,9.61B,10.68,2.79%,27.95M
WAL,Western Alliance Bancorporation,9.58B,87.87,-1.70%,3.02B
HQY,"HealthEquity, Inc.",9.57B,110.42,-0.14%,1.15B
PNFP,"Pinnacle Financial Partners, Inc.",9.55B,124.77,-0.92%,1.62B
CUBE,CubeSmart,9.48B,41.70,-0.64%,1.07B
EXEL,"Exelixis, Inc.",9.47B,33.15,0.67%,2.08B
AAON,"AAON, Inc.",9.46B,116.38,-0.19%,1.21B
WYNN,"Wynn Resorts, Limited",9.45B,86.85,-3.07%,7.13B
ALTR,Altair Engineering Inc.,9.40B,110.35,-0.14%,644.66M
WMS,"Advanced Drainage Systems, Inc.",9.37B,120.91,-2.87%,2.91B
PAC,"Grupo Aeroportuario del Pacífico, S.A.B. de C.V.",9.37B,185.35,-3.81%,1.29B
REXR,"Rexford Industrial Realty, Inc.",9.36B,40.66,-0.22%,903.94M
MASI,Masimo Corporation,9.33B,174.23,-4.11%,2.04B
RGEN,Repligen Corporation,9.31B,166.21,-0.79%,633.51M
KEP,Korea Electric Power Corporation,9.30B,7.25,-1.36%,70.35B
FRT,Federal Realty Investment Trust,9.30B,108.63,0.31%,1.19B
DRS,"Leonardo DRS, Inc.",9.29B,35.15,-0.45%,3.18B
PEGA,Pegasystems Inc.,9.29B,108.29,1.34%,1.48B
TTAN,"ServiceTitan, Inc.",9.24B,102.77,2.42%,724.36M
KNX,Knight-Swift Transportation Holdings Inc.,9.24B,57.09,-2.46%,7.41B
ORI,Old Republic International Corporation,9.21B,36.58,-0.84%,8.23B
MIDD,The Middleby Corporation,9.21B,171.14,-0.30%,3.87B
GLOB,Globant S.A.,9.20B,213.32,3.04%,2.35B
SUM,"Summit Materials, Inc.",9.20B,52.31,-0.21%,3.75B
RGLD,"Royal Gold, Inc.",9.19B,139.82,-1.07%,662.59M
PLNT,"Planet Fitness, Inc.",9.15B,108.16,-0.83%,1.05B
LTM,LATAM Airlines Group S.A.,9.15B,30.44,0.50%,12.83B
AA,Alcoa Corporation,9.13B,35.32,-0.59%,11.90B
VFS,VinFast Auto Ltd.,9.12B,3.900,-3.94%,1.52B
CHDN,Churchill Downs Incorporated,9.08B,123.58,-1.58%,2.67B
NIO,NIO Inc.,9.08B,4.320,-2.70%,9.00B
GAP,"The Gap, Inc.",9.08B,24.07,-2.23%,15.24B
WCC,"WESCO International, Inc.",9.07B,185.00,-2.32%,21.79B
TEM,"Tempus AI, Inc",9.04B,57.39,0.35%,640.44M
ALK,"Alaska Air Group, Inc.",9.02B,73.25,-1.59%,11.74B
VERX,"Vertex, Inc.",9.01B,57.75,0.96%,643.23M
VNO,Vornado Realty Trust,8.98B,43.26,1.60%,1.87B
SARO,"StandardAero, Inc.",8.98B,26.84,-0.22%,4.99B
MTCH,"Match Group, Inc.",8.96B,35.70,1.39%,3.49B
CBSH,"Commerce Bancshares, Inc.",8.96B,66.80,-,1.63B
MLI,"Mueller Industries, Inc.",8.96B,78.75,-1.70%,3.58B
AGNC,AGNC Investment Corp.,8.95B,9.97,0.10%,973.00M
U,Unity Software Inc.,8.94B,22.20,-3.52%,1.97B
CFR,"Cullen/Frost Bankers, Inc.",8.94B,139.40,-0.80%,2.00B
RRC,Range Resources Corporation,8.94B,37.04,-1.41%,2.33B
HLNE,Hamilton Lane Incorporated,8.91B,159.18,-0.18%,648.66M
FYBR,"Frontier Communications Parent, Inc.",8.90B,35.76,-0.11%,5.86B
FBIN,"Fortune Brands Innovations, Inc.",8.90B,71.67,-2.21%,4.67B
NYT,The New York Times Company,8.90B,54.30,0.43%,2.51B
GTLS,"Chart Industries, Inc.",8.90B,211.59,0.07%,4.07B
INGR,Ingredion Incorporated,8.89B,136.44,-0.67%,7.55B
GNRC,Generac Holdings Inc.,8.88B,149.33,-1.92%,4.12B
WBA,"Walgreens Boots Alliance, Inc.",8.88B,10.28,-10.30%,150.41B
STN,Stantec Inc.,8.86B,77.43,-2.07%,4.17B
MOS,The Mosaic Company,8.86B,27.89,-2.41%,11.46B
CMA,Comerica Incorporated,8.85B,67.32,-0.06%,3.20B
HESM,Hess Midstream LP,8.83B,40.51,-3.34%,1.50B
AGI,Alamos Gold Inc.,8.82B,20.93,-1.32%,1.23B
KD,"Kyndryl Holdings, Inc.",8.82B,37.96,0.66%,15.30B
BRKR,Bruker Corporation,8.82B,58.15,2.02%,3.24B
WING,Wingstop Inc.,8.70B,297.90,-2.57%,591.04M
WTFC,Wintrust Financial Corporation,8.70B,130.81,-0.82%,2.35B
CACI,CACI International Inc,8.66B,386.26,-0.11%,8.13B
CX,"CEMEX, S.A.B. de C.V.",8.63B,5.93,-2.47%,17.25B
GKOS,Glaukos Corporation,8.62B,156.44,-0.83%,360.35M
IVZ,Invesco Ltd.,8.62B,19.23,0.05%,6.07B
G,Genpact Limited,8.59B,48.69,0.56%,4.66B
ZION,"Zions Bancorporation, National Association",8.56B,57.86,-0.74%,3.06B
LW,"Lamb Weston Holdings, Inc.",8.55B,59.94,-2.15%,6.33B
EXP,Eagle Materials Inc.,8.55B,256.74,-1.05%,2.27B
IONQ,"IonQ, Inc.",8.55B,39.49,1.75%,37.47M
FRHC,Freedom Holding Corp.,8.54B,140.84,-0.70%,1.31B
DCI,"Donaldson Company, Inc.",8.50B,71.19,-0.64%,3.64B
PAAS,Pan American Silver Corp.,8.49B,23.21,-3.73%,2.67B
OGE,OGE Energy Corp.,8.49B,42.23,-1.15%,2.79B
SFD,"Smithfield Foods, Inc.",8.45B,21.50,-1.33%,14.19B
TTC,The Toro Company,8.43B,83.27,-1.54%,4.58B
CRL,"Charles River Laboratories International, Inc.",8.43B,164.76,-0.49%,4.06B
PSN,Parsons Corporation,8.42B,79.27,0.58%,6.51B
ENPH,"Enphase Energy, Inc.",8.41B,62.28,0.37%,1.25B
APPF,"AppFolio, Inc.",8.40B,233.91,-7.76%,794.20M
CHE,Chemed Corporation,8.39B,562.00,0.12%,2.38B
EGP,"EastGroup Properties, Inc.",8.38B,169.62,-0.36%,627.82M
TFX,Teleflex Incorporated,8.37B,180.24,-1.42%,3.03B
MKTX,MarketAxess Holdings Inc.,8.32B,220.63,1.31%,811.94M
LCID,"Lucid Group, Inc.",8.31B,2.760,1.47%,730.51M
X,United States Steel Corporation,8.30B,36.85,0.88%,15.64B
FLR,Fluor Corporation,8.27B,48.21,-0.68%,15.88B
FSV,FirstService Corporation,8.27B,181.87,-1.25%,4.93B
GPK,Graphic Packaging Holding Company,8.23B,27.43,-2.45%,8.96B
FLS,Flowserve Corporation,8.23B,62.62,-0.52%,4.54B
WF,Woori Financial Group Inc.,8.23B,32.70,0.03%,7.57B
LPX,Louisiana-Pacific Corporation,8.22B,116.97,-1.00%,2.92B
ASR,"Grupo Aeroportuario del Sureste, S. A. B. de C. V.",8.18B,274.47,-3.97%,1.49B
WH,"Wyndham Hotels & Resorts, Inc.",8.17B,105.02,0.57%,1.38B
BBWI,"Bath & Body Works, Inc.",8.15B,37.61,-1.98%,7.43B
HIMS,"Hims & Hers Health, Inc.",8.14B,37.28,9.78%,1.24B
ATI,ATI Inc.,8.14B,57.09,-1.21%,4.25B
SIRI,Sirius XM Holdings Inc.,8.13B,24.01,3.89%,8.70B
KT,KT Corporation,8.12B,17.33,-1.48%,20.14B
SKM,"SK Telecom Co., Ltd.",8.12B,21.33,-0.79%,13.67B
APA,APA Corporation,8.11B,21.93,-4.61%,8.96B
ROIV,Roivant Sciences Ltd.,8.10B,11.13,-2.11%,129.13M
EXLS,"ExlService Holdings, Inc.",8.09B,50.26,-0.46%,1.77B
EAT,"Brinker International, Inc.",8.08B,181.97,-0.29%,4.83B
DLB,"Dolby Laboratories, Inc.",8.07B,83.73,-4.11%,1.32B
HAS,"Hasbro, Inc.",8.07B,57.84,-2.89%,4.32B
GIL,Gildan Activewear Inc.,7.98B,51.61,-1.53%,3.23B
EDU,New Oriental Education & Technology Group Inc.,7.97B,48.76,-1.44%,4.82B
SNV,Synovus Financial Corp.,7.96B,56.42,-0.16%,1.85B
ENSG,"The Ensign Group, Inc.",7.95B,139.66,-2.20%,4.11B
RVMD,"Revolution Medicines, Inc.",7.94B,42.95,-0.28%,742.00K
SATS,EchoStar Corporation,7.91B,27.66,0.69%,16.02B
BRX,Brixmor Property Group Inc.,7.87B,26.06,-1.51%,1.27B
LSCC,Lattice Semiconductor Corporation,7.87B,57.02,0.51%,562.58M
BERY,"Berry Global Group, Inc.",7.86B,67.92,-0.63%,12.26B
INFA,Informatica Inc.,7.84B,25.68,0.16%,1.66B
FN,Fabrinet,7.84B,216.21,1.59%,3.00B
AXTA,Axalta Coating Systems Ltd.,7.84B,35.94,-2.52%,5.26B
AES,The AES Corporation,7.82B,11.00,-0.85%,12.28B
PATH,UiPath Inc.,7.82B,14.22,-2.47%,1.41B
ASND,Ascendis Pharma A/S,7.81B,130.66,2.64%,365.19M
TREX,"Trex Company, Inc.",7.80B,72.83,-1.66%,1.18B
RH,RH,7.80B,419.11,-3.24%,3.11B
AGCO,AGCO Corporation,7.80B,104.43,-1.83%,12.58B
CE,Celanese Corporation,7.77B,71.04,-1.57%,10.48B
FRPT,"Freshpet, Inc.",7.76B,159.95,-1.62%,927.89M
QRVO,"Qorvo, Inc.",7.75B,82.98,-0.88%,3.79B
AM,Antero Midstream Corporation,7.72B,16.04,-1.29%,1.15B
MHK,"Mohawk Industries, Inc.",7.72B,122.30,-3.31%,10.81B
OBDC,Blue Owl Capital Corporation,7.72B,15.11,0.40%,1.61B
HII,"Huntington Ingalls Industries, Inc.",7.72B,197.26,0.90%,11.71B
OTEX,Open Text Corporation,7.71B,29.44,-1.70%,5.61B
STEP,StepStone Group Inc.,7.70B,64.08,-0.99%,800.28M
S,"SentinelOne, Inc.",7.70B,23.95,-0.70%,770.12M
NBIS,Nebius Group N.V.,7.69B,32.66,2.70%,8.66B
SUN,Sunoco LP,7.66B,56.33,-2.88%,23.07B
CZR,"Caesars Entertainment, Inc.",7.66B,36.05,-0.50%,11.27B
MKSI,"MKS Instruments, Inc.",7.62B,113.28,0.27%,3.54B
PB,"Prosperity Bancshares, Inc.",7.62B,80.00,-0.40%,1.18B
AXS,AXIS Capital Holdings Limited,7.61B,91.02,-1.90%,5.96B
ONB,Old National Bancorp,7.61B,23.85,0.25%,1.76B
ICL,ICL Group Ltd,7.59B,5.88,-0.68%,6.93B
HRB,"H&R Block, Inc.",7.58B,55.31,-0.22%,3.62B
LNW,"Light & Wonder, Inc.",7.58B,87.91,-1.19%,3.16B
OSK,Oshkosh Corporation,7.57B,116.40,2.77%,10.76B
CAE,CAE Inc.,7.54B,23.60,-3.24%,3.28B
LEVI,Levi Strauss & Co.,7.53B,19.03,0.95%,6.36B
ADC,Agree Realty Corporation,7.52B,72.57,-0.38%,600.53M
JAZZ,Jazz Pharmaceuticals plc,7.52B,124.37,-0.54%,3.99B
ALV,"Autoliv, Inc.",7.51B,96.66,-4.60%,10.39B
ERJ,Embraer S.A.,7.51B,40.97,0.02%,5.77B
ESAB,ESAB Corporation,7.49B,123.84,-0.32%,2.76B
AN,"AutoNation, Inc.",7.48B,188.55,-1.61%,26.32B
DDS,"Dillard's, Inc.",7.44B,468.11,-0.65%,6.70B
LOAR,Loar Holdings Inc.,7.44B,79.48,-0.79%,378.81M
TAL,TAL Education Group,7.41B,12.23,-2.55%,2.07B
NNN,"NNN REIT, Inc.",7.39B,39.39,0.72%,867.02M
VIPS,Vipshop Holdings Limited,7.38B,14.37,-4.01%,15.66B
AZEK,The AZEK Company Inc.,7.35B,51.23,-1.48%,1.44B
NXT,Nextracker Inc.,7.34B,50.42,-0.41%,2.77B
XP,XP Inc.,7.33B,13.65,-2.50%,2.92B
BECN,"Beacon Roofing Supply, Inc.",7.32B,118.34,-0.67%,9.66B
WEX,WEX Inc.,7.32B,183.89,-1.29%,2.66B
MDGL,"Madrigal Pharmaceuticals, Inc.",7.30B,334.80,-1.03%,76.81M
CCCS,CCC Intelligent Solutions Holdings Inc.,7.29B,11.11,-0.63%,926.94M
FR,"First Industrial Realty Trust, Inc.",7.26B,53.39,-0.30%,655.53M
PARA,Paramount Global,7.26B,10.88,-0.91%,28.87B
KBR,"KBR, Inc.",7.25B,54.42,-2.49%,7.35B
BMA,Banco Macro S.A.,7.25B,99.45,-2.13%,3.38B
MTDR,Matador Resources Company,7.24B,58.00,-2.59%,3.10B
CIGI,Colliers International Group Inc.,7.22B,142.35,-0.59%,4.56B
BPOP,"Popular, Inc.",7.22B,102.94,-0.53%,2.68B
HALO,"Halozyme Therapeutics, Inc.",7.21B,56.64,0.39%,947.36M
OS,"OneStream, Inc.",7.19B,29.78,-0.13%,459.53M
BPMC,Blueprint Medicines Corporation,7.15B,112.53,-1.33%,434.42M
BFAM,Bright Horizons Family Solutions Inc.,7.13B,122.60,-1.67%,2.63B
HMY,Harmony Gold Mining Company Limited,7.12B,11.27,-0.70%,3.36B
NVMI,Nova Ltd.,7.12B,245.18,1.31%,611.85M
OLED,Universal Display Corporation,7.12B,149.92,-0.96%,643.71M
JHG,Janus Henderson Group plc,7.09B,44.93,2.91%,2.47B
MNSO,MINISO Group Holding Limited,7.09B,22.99,-2.83%,2.50B
SSD,"Simpson Manufacturing Co., Inc.",7.08B,168.00,-0.96%,2.22B
BOKF,BOK Financial Corporation,7.08B,110.42,-0.54%,2.03B
UFPI,"UFP Industries, Inc.",7.02B,115.65,-2.26%,6.71B
CORT,Corcept Therapeutics Incorporated,7.01B,66.92,-4.26%,628.56M
CVLT,"Commvault Systems, Inc.",7.01B,159.26,0.86%,943.87M
CWAN,"Clearwater Analytics Holdings, Inc.",7.00B,28.16,-1.09%,424.36M
HCP,"HashiCorp, Inc.",6.99B,34.20,-0.15%,654.89M
LEGN,Legend Biotech Corporation,6.99B,38.10,2.36%,520.18M
WFG,West Fraser Timber Co. Ltd.,6.99B,86.78,-1.41%,6.28B
BWA,BorgWarner Inc.,6.98B,31.90,-2.89%,14.17B
FMC,FMC Corporation,6.96B,55.78,-1.06%,4.17B
BILI,Bilibili Inc.,6.95B,16.72,-4.95%,3.63B
SPSC,"SPS Commerce, Inc.",6.94B,184.68,0.67%,611.82M
WAY,Waystar Holding Corp.,6.92B,40.19,-3.25%,906.14M
JXN,Jackson Financial Inc.,6.92B,94.24,-2.59%,4.06B
DJT,Trump Media & Technology Group Corp.,6.91B,31.86,0.82%,3.37M
FCN,"FTI Consulting, Inc.",6.90B,195.35,-1.71%,3.73B
ADT,ADT Inc.,6.90B,7.68,-1.03%,5.14B
WTS,"Watts Water Technologies, Inc.",6.89B,206.78,-0.24%,2.26B
SPXC,"SPX Technologies, Inc.",6.89B,148.52,0.79%,1.92B
CHRD,Chord Energy Corporation,6.87B,112.45,-2.81%,4.45B
CHH,"Choice Hotels International, Inc.",6.86B,147.33,-0.22%,779.01M
WSC,WillScot Holdings Corporation,6.85B,37.06,0.24%,2.41B
CGNX,Cognex Corporation,6.84B,39.90,0.45%,881.50M
OLLI,"Ollie's Bargain Outlet Holdings, Inc.",6.83B,111.51,-1.22%,2.25B
VOYA,"Voya Financial, Inc.",6.83B,70.99,0.28%,7.86B
JBTM,JBT Marel Corporation,6.83B,133.00,3.22%,1.69B
CWST,"Casella Waste Systems, Inc.",6.81B,107.54,-1.26%,1.49B
DINO,HF Sinclair Corporation,6.80B,36.08,-0.55%,29.74B
PJT,PJT Partners Inc.,6.80B,164.97,0.07%,1.35B
BYD,Boyd Gaming Corporation,6.78B,76.65,-1.49%,3.84B
LLYVK,Liberty Live Group,6.75B,73.59,0.55%,-
R,"Ryder System, Inc.",6.74B,159.41,-1.85%,12.47B
RLI,RLI Corp.,6.72B,73.35,-0.39%,1.77B
LLYVA,Liberty Live Group,6.71B,71.97,0.56%,-
ZWS,Zurn Elkay Water Solutions Corporation,6.69B,39.44,0.36%,1.55B
TMHC,Taylor Morrison Home Corporation,6.67B,64.46,-3.18%,7.83B
VMI,"Valmont Industries, Inc.",6.65B,331.76,-0.67%,4.05B
COOP,Mr. Cooper Group Inc.,6.64B,103.81,-3.03%,1.98B
OMF,"OneMain Holdings, Inc.",6.63B,55.54,-3.22%,2.50B
UGI,UGI Corporation,6.60B,30.73,-0.84%,7.21B
AWI,"Armstrong World Industries, Inc.",6.58B,151.01,-0.75%,1.39B
RHI,Robert Half Inc.,6.58B,64.79,0.31%,5.80B
TKC,Turkcell Iletisim Hizmetleri A.S.,6.57B,7.39,-,3.32B
RMBS,Rambus Inc.,6.57B,61.62,0.67%,517.75M
FSK,FS KKR Capital Corp.,6.55B,23.39,1.21%,1.76B
TRNO,Terreno Realty Corporation,6.52B,65.42,-0.32%,365.40M
STWD,"Starwood Property Trust, Inc.",6.52B,19.35,0.10%,436.46M
FAF,First American Financial Corporation,6.51B,63.22,-0.96%,5.87B
MSA,MSA Safety Incorporated,6.48B,164.73,-0.40%,1.80B
ZK,ZEEKR Intelligent Technology Holding Limited,6.47B,26.14,-1.06%,9.91B
MTG,MGIC Investment Corporation,6.47B,25.54,-0.66%,1.19B
TIMB,TIM S.A.,6.47B,13.24,-0.75%,4.61B
BBIO,"BridgeBio Pharma, Inc.",6.47B,34.21,-4.89%,217.77M
CADE,Cadence Bank,6.46B,35.20,-0.17%,1.72B
LNTH,"Lantheus Holdings, Inc.",6.43B,92.51,-0.30%,1.50B
SITE,"SiteOne Landscape Supply, Inc.",6.42B,142.30,-0.87%,4.49B
COTY,Coty Inc.,6.38B,7.33,-2.01%,6.15B
MTN,"Vail Resorts, Inc.",6.37B,170.12,-1.09%,2.89B
MMSI,"Merit Medical Systems, Inc.",6.35B,108.88,-1.28%,1.33B
NFG,National Fuel Gas Company,6.34B,70.03,-0.41%,1.97B
JOBY,"Joby Aviation, Inc.",6.32B,8.26,0.36%,1.11M
BMI,"Badger Meter, Inc.",6.29B,213.91,2.56%,826.56M
MAT,"Mattel, Inc.",6.28B,18.64,-2.20%,5.35B
STAG,"STAG Industrial, Inc.",6.28B,34.18,-0.48%,751.37M
BZ,Kanzhun Limited,6.27B,14.41,-6.25%,1.01B
KEX,Kirby Corporation,6.27B,109.15,-2.65%,3.27B
SRAD,Sportradar Group AG,6.26B,20.98,-1.64%,1.17B
ESI,Element Solutions Inc,6.25B,25.81,0.04%,2.41B
RHP,"Ryman Hospitality Properties, Inc.",6.25B,104.84,-0.76%,2.34B
MARA,"MARA Holdings, Inc.",6.22B,18.34,-4.38%,598.75M
COLD,"Americold Realty Trust, Inc.",6.21B,21.85,-0.77%,2.68B
QFIN,"Qifu Technology, Inc.",6.19B,39.90,-5.43%,2.45B
VIRT,"Virtu Financial, Inc.",6.19B,40.06,0.98%,2.22B
ESNT,Essent Group Ltd.,6.19B,58.25,-1.27%,1.18B
ETSY,"Etsy, Inc.",6.18B,54.91,-2.05%,2.80B
POST,"Post Holdings, Inc.",6.18B,106.16,-1.48%,7.92B
ALTM,Arcadium Lithium plc,6.17B,5.74,-,900.60M
TLX,Telix Pharmaceuticals Limited,6.16B,18.60,1.92%,430.80M
BRFS,BRF S.A.,6.14B,3.750,-,10.70B
ARW,"Arrow Electronics, Inc.",6.13B,116.55,-0.38%,28.49B
CACC,Credit Acceptance Corporation,6.12B,507.77,-1.22%,928.20M
STVN,Stevanato Group S.p.A.,6.12B,22.41,2.19%,1.22B
BLCO,Bausch + Lomb Corporation,6.11B,17.35,-1.70%,4.68B
NUVL,"Nuvalent, Inc.",6.10B,85.81,-2.21%,-
SMR,NuScale Power Corporation,6.09B,23.84,1.10%,7.38M
AMKR,"Amkor Technology, Inc.",6.07B,24.61,-1.05%,6.44B
W,Wayfair Inc.,6.06B,48.37,-3.45%,11.84B
CIG,Companhia Energética de Minas Gerais - CEMIG,6.04B,1.870,0.54%,7.09B
CIG.C,Companhia Energética de Minas Gerais - CEMIG,6.04B,2.629,3.70%,7.09B
ANF,Abercrombie & Fitch Co.,6.01B,119.38,-2.71%,4.82B
FSS,Federal Signal Corporation,6.01B,98.31,-0.64%,1.84B
MC,Moelis & Company,6.00B,78.29,0.67%,970.70M
HOMB,"Home Bancshares, Inc. (Conway, AR)",6.00B,30.19,-0.33%,969.28M
LTH,"Life Time Group Holdings, Inc.",6.00B,28.99,-2.52%,2.52B
HR,Healthcare Realty Trust Incorporated,6.00B,16.75,-0.42%,1.29B
LNC,Lincoln National Corporation,5.99B,35.16,-0.57%,13.55B
RITM,Rithm Capital Corp.,5.98B,11.51,-0.43%,3.01B
TEO,Telecom Argentina S.A.,5.98B,12.20,-5.21%,1.78B
DAR,Darling Ingredients Inc.,5.96B,37.46,2.21%,5.91B
CRVL,CorVel Corporation,5.95B,115.85,0.18%,845.64M
CROX,"Crocs, Inc.",5.95B,102.07,-4.62%,4.07B
ELAN,Elanco Animal Health Incorporated,5.95B,12.03,-3.53%,4.45B
GPI,"Group 1 Automotive, Inc.",5.93B,456.49,-1.18%,19.93B
LFUS,"Littelfuse, Inc.",5.91B,238.36,-1.97%,2.19B
UPST,"Upstart Holdings, Inc.",5.91B,64.75,-3.83%,604.94M
GNTX,Gentex Corporation,5.90B,25.92,-8.15%,2.31B
TX,Ternium S.A.,5.89B,30.00,-1.12%,18.70B
GATX,GATX Corporation,5.88B,165.47,-0.76%,1.59B
SLGN,Silgan Holdings Inc.,5.88B,55.02,-2.01%,5.85B
SLM,SLM Corporation,5.87B,27.91,-2.82%,1.44B
CELH,"Celsius Holdings, Inc.",5.87B,24.98,-3.10%,1.37B
ASTS,"AST SpaceMobile, Inc.",5.86B,20.24,11.15%,2.50M
KNF,Knife River Corporation,5.86B,103.58,-2.28%,2.89B
IDA,"IDACORP, Inc.",5.86B,109.94,0.01%,1.84B
COLB,"Columbia Banking System, Inc.",5.85B,27.90,-0.46%,1.82B
LITE,Lumentum Holdings Inc.,5.84B,85.06,1.29%,1.38B
CYTK,"Cytokinetics, Incorporated",5.84B,49.46,-1.02%,3.22M
GGB,Gerdau S.A.,5.82B,2.910,-2.68%,11.92B
LSTR,"Landstar System, Inc.",5.82B,164.66,-1.37%,4.83B
ABG,"Asbury Automotive Group, Inc.",5.81B,296.68,-3.00%,17.19B
GH,"Guardant Health, Inc.",5.80B,46.98,-5.93%,692.26M
REYN,Reynolds Consumer Products Inc.,5.80B,27.61,-0.40%,3.68B
INSP,"Inspire Medical Systems, Inc.",5.80B,193.50,-0.63%,755.59M
HRI,Herc Holdings Inc.,5.79B,203.96,-2.11%,3.45B
WHR,Whirlpool Corporation,5.79B,105.01,-3.12%,16.61B
VNT,Vontier Corporation,5.79B,38.55,-1.33%,2.99B
FG,"F&G Annuities & Life, Inc.",5.79B,45.91,-0.99%,5.83B
SMTC,Semtech Corporation,5.77B,66.96,-1.08%,851.23M
LRN,"Stride, Inc.",5.77B,134.90,0.57%,2.19B
OZK,Bank OZK,5.76B,50.79,-0.16%,1.48B
UMBF,UMB Financial Corporation,5.76B,117.90,-2.00%,1.57B
QTWO,"Q2 Holdings, Inc.",5.75B,95.17,-2.59%,675.54M
VLY,Valley National Bancorp,5.74B,10.28,0.29%,1.52B
MOG.A,Moog Inc.,5.74B,181.55,-3.21%,3.66B
MOG.B,Moog Inc.,5.73B,178.27,-,3.66B
AMG,"Affiliated Managers Group, Inc.",5.68B,187.94,-0.93%,2.02B
EPRT,"Essential Properties Realty Trust, Inc.",5.65B,32.10,-0.31%,428.54M
FNB,F.N.B. Corporation,5.64B,15.69,-0.88%,1.52B
MTH,Meritage Homes Corporation,5.63B,77.87,-3.89%,6.40B
FRSH,Freshworks Inc.,5.63B,18.60,-,685.96M
GBCI,"Glacier Bancorp, Inc.",5.63B,49.67,0.04%,804.77M
TKR,The Timken Company,5.63B,80.27,0.14%,4.59B
ELF,"e.l.f. Beauty, Inc.",5.63B,99.91,-6.67%,1.22B
NOV,NOV Inc.,5.62B,14.45,-0.14%,8.91B
ACIW,"ACI Worldwide, Inc.",5.62B,53.55,-1.47%,1.62B
LYFT,"Lyft, Inc.",5.62B,13.54,-0.15%,5.46B
IBP,"Installed Building Products, Inc.",5.56B,198.84,-3.58%,2.91B
CSWI,"CSW Industrials, Inc.",5.54B,329.81,0.59%,858.61M
DY,"Dycom Industries, Inc.",5.52B,189.16,0.57%,4.57B
INTA,"Intapp, Inc.",5.52B,71.29,-1.74%,447.75M
THG,"The Hanover Insurance Group, Inc.",5.52B,153.09,-1.69%,6.18B
CMC,Commercial Metals Company,5.51B,48.49,-1.02%,7.83B
NSIT,"Insight Enterprises, Inc.",5.49B,172.75,-0.43%,8.87B
PAM,Pampa Energía S.A.,5.49B,89.43,-0.36%,2.71B
INGM,Ingram Micro Holding Corporation,5.48B,23.32,1.39%,47.66B
THO,"THOR Industries, Inc.",5.47B,102.84,-2.42%,9.69B
MAIN,Main Street Capital Corporation,5.46B,61.96,0.83%,529.90M
CHX,ChampionX Corporation,5.46B,28.64,-1.95%,3.67B
TSEM,Tower Semiconductor Ltd.,5.45B,48.89,0.43%,1.40B
QXO,"QXO, Inc.",5.44B,13.29,-0.97%,56.84M
WK,Workiva Inc.,5.44B,98.22,-0.89%,705.44M
DNB,"Dun & Bradstreet Holdings, Inc.",5.43B,12.30,1.23%,2.38B
GXO,"GXO Logistics, Inc.",5.43B,45.45,-1.13%,11.05B
CRK,"Comstock Resources, Inc.",5.42B,18.56,-4.48%,1.30B
GRFS,"Grifols, S.A.",5.41B,6.89,-0.29%,7.81B
USM,United States Cellular Corporation,5.40B,62.80,-1.13%,3.80B
BE,Bloom Energy Corporation,5.39B,23.58,0.26%,1.26B
PFSI,"PennyMac Financial Services, Inc.",5.38B,104.69,-8.82%,2.03B
NOVT,Novanta Inc.,5.38B,149.66,0.40%,922.75M
SWX,"Southwest Gas Holdings, Inc.",5.36B,74.68,-0.39%,5.21B
CRUS,"Cirrus Logic, Inc.",5.34B,100.44,1.16%,1.91B
MOD,Modine Manufacturing Company,5.33B,101.45,-0.99%,2.48B
FFIN,"First Financial Bankshares, Inc.",5.33B,37.26,-0.96%,536.91M
MAC,The Macerich Company,5.31B,20.78,-0.43%,788.29M
SKY,"Champion Homes, Inc.",5.30B,92.33,0.80%,2.34B
SAIC,Science Applications International Corporation,5.29B,108.28,-0.90%,7.38B
CALM,"Cal-Maine Foods, Inc.",5.29B,107.90,-6.82%,3.08B
HXL,Hexcel Corporation,5.28B,65.20,-1.36%,1.90B
MSGS,Madison Square Garden Sports Corp.,5.28B,219.87,-0.33%,1.04B
GTES,Gates Industrial Corporation plc,5.27B,20.69,-0.62%,3.44B
OPCH,"Option Care Health, Inc.",5.26B,30.92,-1.53%,4.78B
CLBT,Cellebrite DI Ltd.,5.25B,24.04,0.17%,385.17M
SOUN,"SoundHound AI, Inc.",5.23B,14.15,1.07%,67.30M
SNDR,"Schneider National, Inc.",5.21B,29.75,-1.46%,5.29B
BCPC,Balchem Corporation,5.20B,159.96,0.55%,942.38M
UBSI,"United Bankshares, Inc.",5.20B,38.50,0.08%,1.01B
ACT,"Enact Holdings, Inc.",5.19B,33.78,-0.53%,1.20B
KRG,Kite Realty Group Trust,5.18B,23.15,-1.57%,827.40M
TENB,"Tenable Holdings, Inc.",5.18B,43.09,-0.30%,877.60M
AXSM,"Axsome Therapeutics, Inc.",5.16B,106.46,-2.20%,338.46M
FIVE,"Five Below, Inc.",5.16B,93.78,-2.45%,3.82B
RRR,"Red Rock Resorts, Inc.",5.15B,49.05,-0.95%,1.91B
AL,Air Lease Corporation,5.15B,46.20,-0.67%,2.74B
VIST,"Vista Energy, S.A.B. de C.V.",5.15B,53.95,-2.83%,1.49B
HWC,Hancock Whitney Corporation,5.15B,59.74,-0.37%,1.39B
NE.WSA,Noble Corporation plc,5.14B,12.11,0.08%,2.65B
NE,Noble Corporation plc,5.14B,32.05,-1.78%,2.65B
CUZ,Cousins Properties Incorporated,5.12B,30.53,0.76%,827.91M
SIGI,"Selective Insurance Group, Inc.",5.11B,84.13,2.42%,4.86B
BBAR,Banco BBVA Argentina S.A.,5.11B,21.85,-3.32%,2.19B
URBN,"Urban Outfitters, Inc.",5.11B,55.42,-1.77%,5.40B
LEA,Lear Corporation,5.11B,94.09,-2.86%,23.43B
PIPR,Piper Sandler Companies,5.11B,317.14,2.30%,1.53B
AMTM,"Amentum Holdings, Inc.",5.10B,20.97,4.80%,8.39B
VRNS,"Varonis Systems, Inc.",5.10B,45.36,0.93%,546.54M
ALKS,Alkermes plc,5.10B,31.53,-1.19%,1.51B
QLYS,"Qualys, Inc.",5.10B,139.41,-0.23%,592.95M
SLG,SL Green Realty Corp.,5.09B,67.39,1.76%,969.77M
OKLO,Oklo Inc.,5.08B,41.61,-0.72%,-
SEE,Sealed Air Corporation,5.07B,34.83,-1.47%,5.40B
RDN,Radian Group Inc.,5.07B,34.02,-1.62%,1.30B
KTB,"Kontoor Brands, Inc.",5.06B,91.85,-3.95%,2.58B
CLF,Cleveland-Cliffs Inc.,5.06B,10.24,-2.38%,19.97B
COLM,Columbia Sportswear Company,5.05B,88.30,-2.28%,3.33B
LOPE,"Grand Canyon Education, Inc.",5.05B,175.64,0.69%,1.02B
AVAV,"AeroVironment, Inc.",5.04B,180.15,4.75%,761.50M
KTOS,"Kratos Defense & Security Solutions, Inc.",5.04B,33.37,-0.83%,1.13B
IONS,"Ionis Pharmaceuticals, Inc.",5.04B,31.90,-4.26%,803.07M
SHAK,Shake Shack Inc.,5.02B,118.13,-3.28%,1.21B
LUMN,"Lumen Technologies, Inc.",5.01B,4.940,-1.20%,13.30B
SOBO,South Bow Corporation,4.99B,23.90,-1.57%,-
PVH,PVH Corp.,4.98B,89.60,-3.65%,8.77B
BIPC,Brookfield Infrastructure Corporation,4.97B,41.72,-0.71%,3.67B
CTRE,"CareTrust REIT, Inc.",4.96B,26.50,-,269.08M
PHI,PLDT Inc.,4.96B,22.69,-0.61%,3.85B
PECO,"Phillips Edison & Company, Inc.",4.95B,36.33,-1.04%,642.79M
SFBS,"ServisFirst Bancshares, Inc.",4.95B,90.67,0.59%,460.13M
ACA,"Arcosa, Inc.",4.94B,101.30,-0.37%,2.49B
PAGP,"Plains GP Holdings, L.P.",4.92B,21.15,-2.76%,50.37B
AROC,"Archrock, Inc.",4.92B,28.09,-6.34%,1.09B
LAZ,"Lazard, Inc.",4.92B,54.37,-1.43%,3.05B
BOOT,"Boot Barn Holdings, Inc.",4.91B,160.85,-7.83%,1.85B
IEP,Icahn Enterprises L.P.,4.91B,9.74,-,10.06B
FLG,"Flagstar Financial, Inc.",4.91B,11.83,6.96%,1.62B
CIVI,"Civitas Resources, Inc.",4.90B,50.76,-1.59%,5.04B
WTM,"White Mountains Insurance Group, Ltd.",4.89B,"1,932.46",-1.15%,2.73B
FCFS,"FirstCash Holdings, Inc.",4.88B,109.15,-2.90%,3.39B
ASAN,"Asana, Inc.",4.88B,21.34,-0.05%,706.68M
SKYW,"SkyWest, Inc.",4.88B,120.92,3.56%,3.53B
RDNT,"RadNet, Inc.",4.85B,65.47,-3.69%,1.77B
BCC,Boise Cascade Company,4.85B,126.16,-1.94%,6.80B
KBH,KB Home,4.84B,67.10,-2.41%,6.93B
ITRI,"Itron, Inc.",4.84B,107.36,-0.10%,2.41B
TGS,Transportadora de Gas del Sur S.A.,4.84B,28.24,-3.78%,570.31M
BWIN,"The Baldwin Insurance Group, Inc.",4.82B,40.95,-1.35%,1.34B
AGO,Assured Guaranty Ltd.,4.81B,94.60,-0.91%,867.00M
RUSHA,"Rush Enterprises, Inc.",4.80B,60.75,-1.46%,7.82B
BOX,"Box, Inc.",4.80B,33.39,0.48%,1.07B
ESGR,Enstar Group Limited,4.80B,326.99,-0.19%,1.07B
ACHR,Archer Aviation Inc.,4.79B,9.45,1.94%,-
NJR,New Jersey Resources Corporation,4.78B,47.95,0.13%,1.80B
NSA,National Storage Affiliates Trust,4.77B,37.15,-0.80%,786.92M
SITM,SiTime Corporation,4.77B,204.20,0.22%,176.99M
ITGR,Integer Holdings Corporation,4.77B,142.22,-0.90%,1.71B
NEU,NewMarket Corporation,4.77B,498.02,-0.54%,2.78B
VVV,Valvoline Inc.,4.76B,37.11,-1.67%,1.62B
BBU,Brookfield Business Partners L.P.,4.76B,21.94,0.97%,46.60B
BRZE,"Braze, Inc.",4.76B,45.98,0.26%,563.97M
NXST,"Nexstar Media Group, Inc.",4.75B,153.22,-2.34%,5.22B
WHD,"Cactus, Inc.",4.75B,59.71,-1.13%,1.13B
LB,LandBridge Company LLC,4.75B,64.87,-0.54%,90.91M
RUSHB,"Rush Enterprises, Inc.",4.74B,57.32,-1.38%,7.82B
ELPC,Companhia Paranaense de Energia - COPEL,4.72B,5.88,-2.16%,4.08B
ELP,Companhia Paranaense de Energia - COPEL,4.72B,6.66,-0.89%,4.08B
SNRE,Sunrise Communications AG,4.71B,49.73,0.85%,3.60B
MATX,"Matson, Inc.",4.71B,141.85,0.36%,3.32B
BDC,Belden Inc.,4.70B,116.47,-0.94%,2.35B
VRNA,Verona Pharma plc,4.69B,57.30,0.10%,5.62M
CBT,Cabot Corporation,4.69B,86.47,-0.88%,3.99B
SON,Sonoco Products Company,4.68B,47.64,-1.35%,6.57B
NARI,"Inari Medical, Inc.",4.68B,79.67,-0.03%,574.50M
MGY,Magnolia Oil & Gas Corporation,4.66B,23.70,-3.27%,1.31B
RELY,"Remitly Global, Inc.",4.65B,23.50,-0.97%,1.18B
EXPO,"Exponent, Inc.",4.65B,91.67,-0.62%,508.60M
LANC,Lancaster Colony Corporation,4.65B,168.74,-0.32%,1.88B
KRC,Kilroy Realty Corporation,4.65B,39.02,0.33%,1.12B
IDCC,"InterDigital, Inc.",4.64B,182.98,-0.96%,721.23M
TNET,"TriNet Group, Inc.",4.63B,93.39,1.99%,4.97B
KRYS,"Krystal Biotech, Inc.",4.59B,159.74,2.35%,241.52M
PONY,Pony AI Inc.,4.59B,13.16,-2.01%,84.33M
BGC,"BGC Group, Inc.",4.58B,9.54,-0.52%,2.12B
WFRD,Weatherford International plc,4.57B,62.95,-2.57%,5.53B
FELE,"Franklin Electric Co., Inc.",4.57B,99.99,0.64%,2.01B
TGTX,"TG Therapeutics, Inc.",4.55B,31.70,-4.98%,264.79M
SANM,Sanmina Corporation,4.55B,83.73,-0.57%,7.70B
AB,AllianceBernstein Holding L.P.,4.54B,40.06,0.58%,134.10M
FTDR,"Frontdoor, Inc.",4.54B,59.88,-3.29%,1.83B
TIGO,Millicom International Cellular S.A.,4.52B,26.70,-1.87%,5.85B
ABCB,Ameris Bancorp,4.52B,65.65,0.12%,1.08B
IPAR,"Interparfums, Inc.",4.52B,141.02,-1.58%,1.42B
ROAD,"Construction Partners, Inc.",4.50B,80.40,0.47%,1.82B
CRC,California Resources Corporation,4.50B,49.20,-3.57%,2.59B
MSM,"MSC Industrial Direct Co., Inc.",4.49B,80.41,-1.81%,3.80B
CNS,"Cohen & Steers, Inc.",4.48B,88.63,-0.23%,517.42M
AVT,"Avnet, Inc.",4.47B,51.66,0.49%,22.48B
BC,Brunswick Corporation,4.45B,67.44,-2.32%,5.24B
ALGM,"Allegro MicroSystems, Inc.",4.43B,24.09,0.38%,772.76M
IRT,"Independence Realty Trust, Inc.",4.43B,19.21,0.58%,641.63M
IESC,"IES Holdings, Inc.",4.43B,221.28,-2.49%,2.88B
FUN,Six Flags Entertainment Corporation,4.42B,44.09,-0.99%,2.39B
AHR,"American Healthcare REIT, Inc.",4.41B,28.29,-1.74%,2.01B
SLAB,Silicon Laboratories Inc.,4.40B,135.59,-0.08%,504.98M
KAI,Kadant Inc.,4.38B,372.90,-0.88%,1.03B
STRL,"Sterling Infrastructure, Inc.",4.37B,142.42,-2.92%,2.10B
TXNM,"TXNM Energy, Inc.",4.36B,48.35,0.56%,1.91B
ZETA,Zeta Global Holdings Corp.,4.36B,18.35,0.16%,901.40M
VRRM,Verra Mobility Corporation,4.35B,26.39,-1.27%,868.72M
SM,SM Energy Company,4.34B,37.96,-4.17%,2.34B
POR,Portland General Electric Company,4.34B,41.14,-0.41%,3.34B
AEIS,"Advanced Energy Industries, Inc.",4.34B,115.08,0.24%,1.47B
EEFT,"Euronet Worldwide, Inc.",4.33B,98.50,-0.58%,3.90B
M,"Macy's, Inc.",4.33B,15.58,-1.20%,23.37B
VCTR,"Victory Capital Holdings, Inc.",4.30B,66.18,0.02%,866.90M
KMPR,Kemper Corporation,4.30B,67.18,-1.34%,4.64B
MMS,"Maximus, Inc.",4.30B,75.29,-0.92%,5.31B
CAMT,Camtek Ltd.,4.29B,94.54,3.95%,400.63M
CBZ,"CBIZ, Inc.",4.29B,85.81,-0.86%,1.68B
GEO,"The GEO Group, Inc.",4.29B,31.51,0.16%,2.42B
GLNG,Golar LNG Limited,4.25B,40.75,0.34%,274.13M
GDS,GDS Holdings Limited,4.22B,21.71,-5.81%,1.56B
BKH,Black Hills Corporation,4.20B,58.73,-0.49%,2.12B
ACHC,"Acadia Healthcare Company, Inc.",4.19B,45.11,0.02%,3.12B
GBDC,"Golub Capital BDC, Inc.",4.16B,15.73,0.58%,724.68M
LBTYK,Liberty Global Ltd.,4.16B,11.73,-0.17%,7.67B
LBTYB,Liberty Global Ltd.,4.16B,11.75,0.86%,7.67B
GBTG,"Global Business Travel Group, Inc.",4.15B,8.82,-2.00%,2.38B
NWL,Newell Brands Inc.,4.14B,9.96,-4.78%,7.71B
RXO,"RXO, Inc.",4.12B,25.65,-0.39%,3.86B
PRIM,Primoris Services Corporation,4.12B,76.77,-0.35%,6.14B
CNO,"CNO Financial Group, Inc.",4.12B,39.94,-0.50%,4.52B
ASB,Associated Banc-Corp,4.12B,25.14,0.04%,952.86M
FLO,"Flowers Foods, Inc.",4.12B,19.55,-0.91%,5.12B
BTSG,"BrightSpring Health Services, Inc.",4.11B,23.60,-2.64%,10.59B
ENIC,Enel Chile S.A.,4.11B,3.040,-,5.29B
CVCO,"Cavco Industries, Inc.",4.10B,508.64,6.67%,1.93B
SR,Spire Inc.,4.10B,70.96,-0.95%,2.59B
OSCR,"Oscar Health, Inc.",4.10B,16.60,-4.05%,8.22B
IBOC,International Bancshares Corporation,4.10B,65.89,-2.04%,799.36M
CNX,CNX Resources Corporation,4.09B,27.38,-0.47%,1.44B
KGS,"Kodiak Gas Services, Inc.",4.08B,46.78,-5.80%,1.08B
SMG,The Scotts Miracle-Gro Company,4.08B,70.96,-1.32%,3.56B
BCO,The Brink's Company,4.07B,93.33,-2.65%,4.99B
CARG,"CarGurus, Inc.",4.07B,39.20,-3.33%,888.97M
ST,Sensata Technologies Holding plc,4.06B,27.16,-0.98%,4.02B
HGV,Hilton Grand Vacations Inc.,4.06B,41.20,-2.51%,4.24B
SGHC,Super Group (SGHC) Limited,4.06B,8.09,-2.65%,1.74B
AI,"C3.ai, Inc.",4.05B,31.35,-2.18%,346.54M
WRD,WeRide Inc.,4.03B,14.69,-1.74%,52.05M
NFE,New Fortress Energy Inc.,4.03B,15.00,-3.66%,2.42B
TDS,"Telephone and Data Systems, Inc.",4.03B,35.35,-1.53%,5.04B
GHC,Graham Holdings Company,4.03B,928.82,-0.35%,4.71B
ICUI,"ICU Medical, Inc.",4.02B,164.36,-0.93%,2.34B
COMP,"Compass, Inc.",4.02B,7.25,-3.72%,5.35B
OGN,Organon & Co.,4.01B,15.56,-2.57%,6.41B
DORM,"Dorman Products, Inc.",4.01B,131.28,-1.34%,1.97B
OGS,"ONE Gas, Inc.",4.00B,70.64,0.20%,2.06B
NNI,"Nelnet, Inc.",4.00B,110.17,-0.60%,1.26B
JWN,"Nordstrom, Inc.",3.99B,24.20,-0.17%,15.11B
AX,"Axos Financial, Inc.",3.99B,69.93,0.43%,1.18B
ATGE,Adtalem Global Education Inc.,3.99B,107.13,4.60%,1.69B
BL,"BlackLine, Inc.",3.99B,63.85,0.65%,639.61M
SPR,"Spirit AeroSystems Holdings, Inc.",3.99B,34.01,-2.49%,6.48B
PYCR,"Paycor HCM, Inc.",3.99B,22.13,-0.14%,678.84M
PAY,"Paymentus Holdings, Inc.",3.98B,31.96,-0.37%,778.67M
UNF,UniFirst Corporation,3.98B,214.32,-0.66%,2.44B
GSHD,"Goosehead Insurance, Inc",3.98B,107.17,-1.72%,282.56M
GOLF,Acushnet Holdings Corp.,3.97B,65.32,-1.54%,2.42B
RARE,Ultragenyx Pharmaceutical Inc.,3.97B,43.03,-0.85%,522.75M
UCB,"United Community Banks, Inc.",3.96B,33.17,0.36%,901.17M
BANF,BancFirst Corporation,3.96B,119.08,0.13%,622.45M
SBRA,"Sabra Health Care REIT, Inc.",3.95B,16.71,-0.30%,682.32M
RIOT,"Riot Platforms, Inc.",3.95B,11.88,-0.17%,312.91M
NCNO,"nCino, Inc.",3.94B,34.01,-1.59%,522.98M
FIZZ,National Beverage Corp.,3.94B,42.05,-0.31%,1.19B
RYN,Rayonier Inc.,3.93B,26.14,-0.57%,1.00B
DXC,DXC Technology Company,3.93B,21.72,0.84%,13.26B
RNA,"Avidity Biosciences, Inc.",3.93B,32.93,0.92%,10.12M
XRAY,DENTSPLY SIRONA Inc.,3.93B,19.76,-2.71%,3.90B
PRCT,PROCEPT BioRobotics Corporation,3.92B,72.50,1.30%,199.84M
AVNT,Avient Corporation,3.92B,42.90,-2.17%,3.21B
SIM,"Grupo Simec, S.A.B. de C.V.",3.90B,25.38,-,1.71B
ASGN,ASGN Incorporated,3.90B,88.21,-0.74%,4.19B
NPO,Enpro Inc.,3.90B,185.70,-0.56%,1.04B
MUR,Murphy Oil Corporation,3.88B,26.63,-3.06%,3.02B
SHC,Sotera Health Company,3.88B,13.71,-1.72%,1.12B
ORA,"Ormat Technologies, Inc.",3.88B,64.15,-0.16%,890.25M
FROG,JFrog Ltd.,3.88B,34.76,-1.70%,409.67M
BEPC,Brookfield Renewable Corporation,3.87B,26.69,4.63%,4.57B
BHVN,Biohaven Ltd.,3.87B,38.25,-1.92%,-
CPA,"Copa Holdings, S.A.",3.87B,93.22,-1.50%,3.48B
ENS,EnerSys,3.87B,97.07,-1.13%,3.51B
CRGY,Crescent Energy Company,3.86B,15.06,-2.52%,2.71B
FRO,Frontline plc,3.86B,17.32,-0.92%,2.04B
GVA,Granite Construction Incorporated,3.85B,88.14,-1.17%,3.96B
CLVT,Clarivate Plc,3.85B,5.42,-1.28%,2.58B
SMPL,The Simply Good Foods Company,3.84B,38.00,-0.78%,1.36B
PLXS,Plexus Corp.,3.84B,141.71,-1.13%,3.95B
ALVO,Alvotech,3.84B,12.72,2.50%,393.92M
BLKB,"Blackbaud, Inc.",3.83B,77.15,0.40%,1.15B
DOCN,"DigitalOcean Holdings, Inc.",3.83B,41.48,-0.53%,756.56M
TFSL,TFS Financial Corporation,3.82B,13.72,7.27%,304.58M
ADMA,"ADMA Biologics, Inc.",3.82B,16.15,0.31%,382.81M
SG,"Sweetgreen, Inc.",3.81B,32.92,-2.17%,668.95M
HHH,Howard Hughes Holdings Inc.,3.80B,76.37,-0.66%,1.20B
ALE,"ALLETE, Inc.",3.79B,65.62,-0.09%,1.57B
PBH,Prestige Consumer Healthcare Inc.,3.79B,76.77,-2.10%,1.11B
SKT,Tanger Inc.,3.79B,32.82,-0.62%,522.82M
SRRK,Scholar Rock Holding Corporation,3.78B,40.38,-0.05%,-
PAYO,Payoneer Global Inc.,3.78B,10.60,-2.84%,940.30M
AKRO,"Akero Therapeutics, Inc.",3.77B,54.08,-2.31%,-
ATAT,Atour Lifestyle Holdings Limited,3.77B,27.41,-2.80%,950.76M
DLO,DLocal Limited,3.76B,13.20,-2.29%,729.49M
CRNX,"Crinetics Pharmaceuticals, Inc.",3.74B,40.30,0.10%,1.04M
NXE,NexGen Energy Ltd.,3.73B,6.56,-3.39%,-
TNL,Travel + Leisure Co.,3.72B,54.36,-1.52%,3.83B
EBC,"Eastern Bankshares, Inc.",3.71B,18.36,-0.49%,664.13M
APLE,"Apple Hospitality REIT, Inc.",3.70B,15.44,-,1.41B
FULT,Fulton Financial Corporation,3.70B,20.34,-0.05%,1.13B
DEI,"Douglas Emmett, Inc.",3.69B,18.36,0.44%,965.44M
IMVT,"Immunovant, Inc.",3.69B,21.74,-1.50%,-
RGTI,"Rigetti Computing, Inc.",3.69B,13.17,7.07%,11.89M
ACLX,"Arcellx, Inc.",3.68B,68.13,0.81%,155.82M
ARLP,"Alliance Resource Partners, L.P.",3.68B,28.70,1.13%,2.48B
BHF,"Brighthouse Financial, Inc.",3.66B,61.71,0.73%,4.86B
OMAB,"Grupo Aeroportuario del Centro Norte, S.A.B. de C.V.",3.66B,75.60,-5.98%,748.99M
CXT,"Crane NXT, Co.",3.66B,63.97,-0.40%,1.44B
RYTM,"Rhythm Pharmaceuticals, Inc.",3.65B,59.43,0.35%,112.53M
IAC,IAC Inc.,3.65B,42.33,0.02%,3.88B
ALIT,"Alight, Inc.",3.65B,6.85,-0.87%,3.36B
TCBI,"Texas Capital Bancshares, Inc.",3.65B,78.95,-0.44%,865.35M
VKTX,"Viking Therapeutics, Inc.",3.65B,32.75,-2.79%,-
KFY,Korn Ferry,3.65B,70.73,-1.22%,2.71B
GFF,Griffon Corporation,3.64B,75.77,-2.48%,2.62B
MDU,"MDU Resources Group, Inc.",3.63B,17.82,-0.50%,4.45B
ASO,"Academy Sports and Outdoors, Inc.",3.63B,52.31,-4.33%,6.05B
UAA,"Under Armour, Inc.",3.61B,8.35,-3.58%,5.40B
APLS,"Apellis Pharmaceuticals, Inc.",3.61B,29.01,-4.54%,715.22M
MWA,"Mueller Water Products, Inc.",3.60B,23.00,-0.04%,1.31B
APAM,Artisan Partners Asset Management Inc.,3.59B,44.69,0.18%,1.06B
PI,"Impinj, Inc.",3.59B,126.89,-0.82%,345.17M
MP,MP Materials Corp.,3.58B,21.96,1.01%,184.07M
CCOI,"Cogent Communications Holdings, Inc.",3.57B,75.34,0.65%,976.01M
TGLS,Tecnoglass Inc.,3.57B,76.00,-2.14%,845.21M
NOG,"Northern Oil and Gas, Inc.",3.57B,35.95,-3.28%,2.00B
HL,Hecla Mining Company,3.57B,5.68,-1.73%,840.96M
IAG,IAMGOLD Corporation,3.57B,6.24,-0.79%,1.46B
LIF,"Life360, Inc.",3.57B,45.72,-4.15%,342.92M
BRC,Brady Corporation,3.56B,74.49,-0.68%,1.39B
CRSP,CRISPR Therapeutics AG,3.55B,41.59,-1.07%,202.83M
ACVA,ACV Auctions Inc.,3.55B,21.16,-2.44%,596.02M
POWI,"Power Integrations, Inc.",3.54B,62.32,3.78%,403.23M
PTCT,"PTC Therapeutics, Inc.",3.54B,45.88,-0.59%,900.66M
ZI,ZoomInfo Technologies Inc.,3.53B,10.29,-1.72%,1.22B
FHB,"First Hawaiian, Inc.",3.53B,27.62,3.10%,793.79M
NVST,Envista Holdings Corporation,3.53B,20.52,-4.16%,2.50B
MEOH,Methanex Corporation,3.53B,52.20,0.85%,3.72B
VCYT,"Veracyte, Inc.",3.52B,45.48,-1.43%,425.33M
AVPT,"AvePoint, Inc.",3.52B,18.78,0.32%,315.92M
PCH,PotlatchDeltic Corporation,3.52B,44.73,0.86%,1.06B
RUM,Rumble Inc.,3.52B,12.38,2.15%,85.65M
SNEX,StoneX Group Inc.,3.51B,109.52,-0.73%,98.70B
ECG,"Everus Construction Group, Inc.",3.51B,68.81,-2.38%,2.73B
DOOO,BRP Inc.,3.51B,47.81,-5.27%,6.28B
HTGC,"Hercules Capital, Inc.",3.50B,21.15,0.43%,494.41M
ALKT,"Alkami Technology, Inc.",3.50B,34.79,-3.55%,315.56M
EPR,EPR Properties,3.49B,46.10,-0.64%,681.72M
DV,"DoubleVerify Holdings, Inc.",3.49B,20.61,0.10%,638.46M
WU,The Western Union Company,3.49B,10.32,-0.77%,4.20B
TBBB,BBB Foods Inc.,3.48B,31.02,2.28%,2.73B
ATMU,Atmus Filtration Technologies Inc.,3.48B,41.82,-2.45%,1.66B
HAE,Haemonetics Corporation,3.47B,69.05,-0.60%,1.36B
OR,Osisko Gold Royalties Ltd,3.47B,18.52,-0.48%,183.59M
FUL,H.B. Fuller Company,3.45B,63.13,-0.60%,3.57B
CBU,"Community Financial System, Inc.",3.45B,65.53,-0.05%,723.53M
TPH,"Tri Pointe Homes, Inc.",3.45B,36.86,-2.85%,4.50B
FIBK,"First Interstate BancSystem, Inc.",3.45B,32.95,-1.64%,931.90M
HOG,"Harley-Davidson, Inc.",3.45B,27.06,-1.99%,5.55B
TAC,TransAlta Corporation,3.45B,11.48,-0.52%,2.07B
UA,"Under Armour, Inc.",3.44B,7.53,-3.34%,5.40B
IGT,International Game Technology PLC,3.44B,17.02,-2.07%,4.32B
CNK,"Cinemark Holdings, Inc.",3.44B,28.63,-0.76%,2.87B
RIG,Transocean Ltd.,3.43B,3.920,0.26%,3.31B
AQN,Algonquin Power & Utilities Corp.,3.43B,4.440,2.30%,2.61B
NMRK,"Newmark Group, Inc.",3.43B,14.13,0.28%,2.61B
CORZ,"Core Scientific, Inc.",3.43B,12.27,0.08%,557.68M
ESE,ESCO Technologies Inc.,3.42B,132.74,-0.46%,1.03B
MHO,"M/I Homes, Inc.",3.42B,125.80,-3.20%,4.50B
VAL,Valaris Limited,3.41B,47.94,-1.70%,2.26B
IRTC,"iRhythm Technologies, Inc.",3.41B,108.85,1.03%,560.03M
PRGO,Perrigo Company plc,3.40B,24.91,-0.08%,4.39B
PBF,PBF Energy Inc.,3.39B,29.26,-2.89%,34.90B
ATHM,Autohome Inc.,3.39B,28.02,-4.40%,1.02B
AUB,Atlantic Union Bankshares Corporation,3.39B,37.77,0.96%,767.33M
OLN,Olin Corporation,3.39B,29.29,-8.87%,6.54B
FBP,First BanCorp.,3.38B,20.76,-0.81%,878.28M
IFS,Intercorp Financial Services Inc.,3.38B,29.78,0.30%,1.11B
CDP,COPT Defense Properties,3.37B,29.44,-0.14%,749.50M
CNXC,Concentrix Corporation,3.37B,52.28,-1.65%,9.62B
CATY,Cathay General Bancorp,3.37B,47.49,0.15%,692.22M
HASI,"HA Sustainable Infrastructure Capital, Inc.",3.36B,28.01,-2.23%,139.08M
DNLI,Denali Therapeutics Inc.,3.35B,23.30,-1.19%,-
WRBY,Warby Parker Inc.,3.33B,27.71,-2.50%,742.53M
SYNA,Synaptics Incorporated,3.33B,84.90,-1.46%,979.40M
ABM,ABM Industries Incorporated,3.32B,53.36,0.36%,8.36B
REZI,"Resideo Technologies, Inc.",3.31B,22.52,-2.04%,6.44B
NWE,"NorthWestern Energy Group, Inc.",3.31B,53.91,-0.52%,1.50B
HGTY,"Hagerty, Inc.",3.30B,9.69,-0.51%,1.15B
OSIS,"OSI Systems, Inc.",3.30B,196.44,0.12%,1.65B
YOU,"Clear Secure, Inc.",3.30B,23.67,0.85%,735.18M
RSI,"Rush Street Interactive, Inc.",3.29B,14.58,1.96%,863.77M
WSFS,WSFS Financial Corporation,3.28B,56.00,0.72%,984.95M
SLVM,Sylvamo Corporation,3.28B,80.10,-1.35%,3.77B
MIR,"Mirion Technologies, Inc.",3.27B,15.84,-,836.90M
GMS,GMS Inc.,3.27B,84.34,-2.08%,5.59B
IRDM,Iridium Communications Inc.,3.27B,28.75,1.16%,812.43M
LUNR,"Intuitive Machines, Inc.",3.27B,21.68,-3.30%,203.90M
PATK,"Patrick Industries, Inc.",3.26B,97.14,-0.80%,3.65B
HBM,Hudbay Minerals Inc.,3.26B,8.27,-2.82%,2.04B
FA,First Advantage Corporation,3.26B,18.88,0.69%,755.64M
MGEE,"MGE Energy, Inc.",3.25B,89.85,-0.47%,653.68M
HEES,"H&E Equipment Services, Inc.",3.25B,88.69,0.02%,1.52B
HAYW,"Hayward Holdings, Inc.",3.24B,15.06,-1.31%,1.00B
WD,"Walker & Dunlop, Inc.",3.24B,96.07,-0.54%,986.07M
BVN,Compañía de Minas Buenaventura S.A.A.,3.24B,12.76,-0.23%,1.11B
TFPM,Triple Flag Precious Metals Corp.,3.23B,16.03,-1.66%,246.52M
HIW,"Highwoods Properties, Inc.",3.22B,29.79,0.78%,829.29M
OTTR,Otter Tail Corporation,3.22B,77.04,-0.82%,1.34B
SGRY,"Surgery Partners, Inc.",3.22B,25.49,-1.01%,2.99B
TEX,Terex Corporation,3.21B,48.09,-1.80%,5.11B
AMBA,"Ambarella, Inc.",3.20B,76.72,-1.83%,252.47M
SXT,Sensient Technologies Corporation,3.20B,75.51,-0.05%,1.53B
BTG,B2Gold Corp.,3.20B,2.420,-0.82%,1.91B
VEON,VEON Ltd.,3.19B,45.05,3.92%,3.96B
AVAL,Grupo Aval Acciones y Valores S.A.,3.19B,2.800,-3.13%,2.75B
WDFC,WD-40 Company,3.18B,234.95,0.47%,603.64M
LPL,"LG Display Co., Ltd.",3.18B,3.230,-0.62%,18.02B
PTVE,Pactiv Evergreen Inc.,3.18B,17.74,-0.17%,5.20B
HP,"Helmerich & Payne, Inc.",3.18B,31.59,-0.72%,2.76B
EE,"Excelerate Energy, Inc.",3.17B,29.87,-3.49%,816.93M
IPGP,IPG Photonics Corporation,3.17B,73.33,-0.27%,1.04B
CWK,Cushman & Wakefield plc,3.16B,13.79,-0.58%,9.37B
GPOR,Gulfport Energy Corporation,3.16B,178.51,-3.03%,886.64M
YETI,"YETI Holdings, Inc.",3.16B,37.26,-2.89%,1.80B
CAR,"Avis Budget Group, Inc.",3.15B,89.70,-4.21%,11.84B
USLM,"United States Lime & Minerals, Inc.",3.15B,110.58,-2.83%,303.35M
GRND,Grindr Inc.,3.15B,17.84,0.51%,319.10M
CAAP,Corporación América Airports S.A.,3.15B,19.57,-1.90%,1.50B
PTEN,"Patterson-UTI Energy, Inc.",3.15B,8.07,-2.06%,5.80B
BXMT,"Blackstone Mortgage Trust, Inc.",3.14B,18.00,-0.17%,-102.52M
RNG,"RingCentral, Inc.",3.13B,34.82,-2.16%,2.36B
TWST,Twist Bioscience Corporation,3.12B,52.37,2.41%,312.97M
EGO,Eldorado Gold Corporation,3.12B,15.24,-1.17%,1.19B
USAC,"USA Compression Partners, LP",3.12B,26.65,-4.00%,929.61M
BUR,Burford Capital Limited,3.11B,14.04,-1.89%,1.28B
VRN,Veren Inc.,3.11B,5.03,-4.19%,2.85B
BFH,"Bread Financial Holdings, Inc.",3.11B,63.33,-0.60%,2.44B
TRN,"Trinity Industries, Inc.",3.11B,37.83,-1.23%,3.25B
BNL,"Broadstone Net Lease, Inc.",3.11B,15.74,-0.25%,424.67M
ACAD,ACADIA Pharmaceuticals Inc.,3.10B,18.66,-0.16%,929.24M
FORM,"FormFactor, Inc.",3.10B,40.05,0.55%,742.28M
AEO,"American Eagle Outfitters, Inc.",3.10B,16.14,-2.48%,5.40B
FHI,"Federated Hermes, Inc.",3.10B,39.77,0.05%,1.63B
NHI,"National Health Investors, Inc.",3.09B,68.11,-0.19%,329.85M
GNW,"Genworth Financial, Inc.",3.09B,7.23,-0.82%,7.43B
UGP,Ultrapar Participações S.A.,3.09B,2.840,-3.07%,24.15B
FIVN,"Five9, Inc.",3.08B,40.99,0.56%,1.00B
PENN,"PENN Entertainment, Inc.",3.08B,20.60,0.98%,6.30B
STR,Sitio Royalties Corp.,3.08B,20.14,-3.03%,618.67M
BKU,"BankUnited, Inc.",3.07B,41.11,-1.25%,958.35M
NMIH,"NMI Holdings, Inc.",3.06B,38.62,-1.30%,635.85M
OUT,OUTFRONT Media Inc.,3.05B,18.40,-0.43%,1.84B
TDC,Teradata Corporation,3.05B,31.91,-1.54%,1.80B
BSM,"Black Stone Minerals, L.P.",3.05B,14.48,-1.90%,457.21M
LFST,"LifeStance Health Group, Inc.",3.05B,7.97,-1.85%,1.21B
XENE,Xenon Pharmaceuticals Inc.,3.05B,39.98,-1.21%,-
AMED,"Amedisys, Inc.",3.03B,92.50,0.10%,2.32B
VAC,Marriott Vacations Worldwide Corporation,3.03B,86.77,-2.63%,3.19B
WEN,The Wendy's Company,3.02B,14.83,-0.40%,2.21B
MGRC,McGrath RentCorp,3.01B,122.67,-1.32%,888.78M
ALRM,"Alarm.com Holdings, Inc.",3.00B,60.67,-0.95%,923.82M
CWEN,"Clearway Energy, Inc.",3.00B,25.93,-0.15%,1.36B
ASH,Ashland Inc.,3.00B,63.49,-0.39%,2.05B
LBRT,Liberty Energy Inc.,2.99B,18.31,-4.59%,4.32B
UEC,Uranium Energy Corp.,2.99B,7.06,-2.89%,17.20M
CON,"Concentra Group Holdings Parent, Inc.",2.97B,23.31,-0.60%,1.88B
SHOO,"Steven Madden, Ltd.",2.96B,41.05,-1.96%,2.22B
ZLAB,Zai Lab Limited,2.96B,27.19,-2.33%,355.75M
BOH,Bank of Hawaii Corporation,2.96B,74.51,-0.27%,627.96M
PTON,"Peloton Interactive, Inc.",2.96B,7.75,-3.97%,2.69B
ALHC,"Alignment Healthcare, Inc.",2.95B,15.39,1.25%,2.47B
SSL,Sasol Limited,2.95B,4.700,-2.49%,15.07B
ENVA,"Enova International, Inc.",2.94B,112.32,-1.21%,1.17B
TGNA,TEGNA Inc.,2.94B,18.22,-0.82%,2.96B
GEF.B,"Greif, Inc.",2.93B,63.37,-2.18%,5.45B
CLSK,"CleanSpark, Inc.",2.93B,10.44,-4.83%,378.97M
QDEL,QuidelOrtho Corporation,2.92B,43.46,0.70%,2.82B
CPRI,Capri Holdings Limited,2.92B,24.78,-4.10%,4.80B
TBBK,"The Bancorp, Inc.",2.91B,61.06,5.93%,495.38M
HUN,Huntsman Corporation,2.91B,16.83,-2.60%,5.99B
CVBF,CVB Financial Corp.,2.91B,20.84,-1.04%,504.82M
MLTX,MoonLake Immunotherapeutics,2.90B,45.99,-2.40%,-
AVA,Avista Corporation,2.90B,36.62,0.25%,1.92B
GSAT,"Globalstar, Inc.",2.90B,1.530,3.38%,241.58M
KC,Kingsoft Cloud Holdings Limited,2.90B,12.57,-5.35%,1.04B
POWL,"Powell Industries, Inc.",2.89B,239.78,1.44%,1.01B
PRKS,United Parks & Resorts Inc.,2.89B,52.56,-0.36%,1.73B
VCEL,Vericel Corporation,2.89B,58.54,-1.20%,226.84M
GEF,"Greif, Inc.",2.89B,61.22,-1.78%,5.45B
TDW,Tidewater Inc.,2.88B,55.11,-0.63%,1.30B
AAP,"Advance Auto Parts, Inc.",2.88B,48.50,-2.59%,11.19B
NOMD,Nomad Foods Limited,2.87B,17.86,0.73%,3.42B
CAKE,The Cheesecake Factory Incorporated,2.87B,56.15,-0.04%,3.54B
FOLD,"Amicus Therapeutics, Inc.",2.86B,9.58,-0.62%,493.67M
HBI,Hanesbrands Inc.,2.86B,8.12,-4.25%,5.47B
VSCO,Victoria's Secret & Co.,2.86B,36.36,-1.14%,6.21B
RXRX,"Recursion Pharmaceuticals, Inc.",2.86B,7.24,-5.85%,65.18M
PLMR,"Palomar Holdings, Inc.",2.85B,107.87,0.40%,503.50M
SFNC,Simmons First National Corporation,2.85B,22.72,-0.22%,701.26M
INDB,Independent Bank Corp.,2.85B,67.16,-0.18%,653.49M
SAM,"The Boston Beer Company, Inc.",2.84B,250.67,-1.57%,2.00B
CC,The Chemours Company,2.84B,18.99,-1.86%,5.75B
ATKR,Atkore Inc.,2.83B,81.44,-2.55%,3.20B
IOSP,Innospec Inc.,2.83B,113.35,-1.95%,1.87B
MAN,ManpowerGroup Inc.,2.83B,60.22,-0.81%,17.85B
RLX,RLX Technology Inc.,2.82B,2.220,-,307.80M
LAUR,"Laureate Education, Inc.",2.82B,18.72,-1.78%,1.55B
MPW,"Medical Properties Trust, Inc.",2.82B,4.690,-0.21%,660.17M
AWR,American States Water Company,2.82B,74.50,0.96%,577.54M
PAR,PAR Technology Corporation,2.81B,72.59,-0.60%,453.99M
JOE,The St. Joe Company,2.81B,48.10,-1.84%,385.14M
AKR,Acadia Realty Trust,2.80B,23.04,-0.65%,367.40M
NSP,"Insperity, Inc.",2.80B,75.01,0.13%,6.55B
MRUS,Merus N.V.,2.80B,40.94,-1.52%,35.93M
CPK,Chesapeake Utilities Corporation,2.80B,122.25,-0.70%,757.49M
AESI,Atlas Energy Solutions Inc.,2.79B,22.96,-8.23%,925.76M
SWTX,"SpringWorks Therapeutics, Inc.",2.79B,37.50,0.73%,135.49M
PK,Park Hotels & Resorts Inc.,2.78B,13.49,0.07%,2.66B
HTLF,"Heartland Financial USA, Inc.",2.77B,64.67,-2.16%,671.75M
AKO.B,Embotelladora Andina S.A.,2.76B,19.50,-,3.24B
AKO.A,Embotelladora Andina S.A.,2.76B,14.88,1.40%,3.24B
HCC,"Warrior Met Coal, Inc.",2.76B,52.77,-1.29%,1.59B
MCY,Mercury General Corporation,2.76B,49.84,-1.89%,5.47B
EQX,Equinox Gold Corp.,2.76B,6.07,-2.10%,1.24B
ABR,"Arbor Realty Trust, Inc.",2.74B,13.39,-0.30%,650.35M
PRK,Park National Corporation,2.74B,169.71,-0.59%,506.06M
PRVA,"Privia Health Group, Inc.",2.74B,22.85,1.38%,1.72B
HUBG,"Hub Group, Inc.",2.74B,44.61,-0.69%,3.96B
BHC,Bausch Health Companies Inc.,2.73B,7.43,-0.40%,9.47B
DIOD,Diodes Incorporated,2.73B,58.98,0.98%,1.29B
PDCO,"Patterson Companies, Inc.",2.73B,30.95,-0.13%,6.55B
MTSR,"Metsera, Inc.",2.73B,26.50,47.22%,-
SBSW,Sibanye Stillwater Limited,2.73B,3.810,-,5.93B
BTDR,Bitdeer Technologies Group,2.73B,18.52,1.93%,395.61M
ODD,Oddity Tech Ltd.,2.73B,47.72,1.81%,620.65M
STNE,StoneCo Ltd.,2.72B,9.17,-3.58%,2.27B
PSMT,"PriceSmart, Inc.",2.72B,90.97,-1.11%,5.01B
LIVN,LivaNova PLC,2.71B,49.95,-1.36%,1.24B
DRVN,Driven Brands Holdings Inc.,2.71B,16.51,-1.73%,2.33B
BANC,"Banc of California, Inc.",2.70B,16.02,-1.23%,960.39M
CWT,California Water Service Group,2.69B,45.29,1.09%,1.03B
GRBK,"Green Brick Partners, Inc.",2.69B,60.47,-2.98%,1.98B
CPRX,"Catalyst Pharmaceuticals, Inc.",2.69B,22.56,-2.72%,460.48M
MANU,Manchester United plc,2.69B,15.87,-1.79%,868.15M
UE,Urban Edge Properties,2.68B,20.34,-1.07%,435.18M
FFBC,First Financial Bancorp.,2.68B,28.02,0.61%,787.92M
JJSF,J&J Snack Foods Corp.,2.67B,137.23,-0.75%,1.57B
PLTK,Playtika Holding Corp.,2.67B,7.17,-2.71%,2.54B
ENOV,Enovis Corporation,2.67B,46.98,-1.12%,2.00B
VIAV,Viavi Solutions Inc.,2.67B,12.04,20.52%,1.01B
LCII,LCI Industries,2.67B,104.79,-2.05%,3.78B
WNS,WNS (Holdings) Limited,2.66B,61.25,-1.54%,1.32B
PII,Polaris Inc.,2.66B,47.70,-2.73%,7.27B
ATS,ATS Corporation,2.66B,27.15,-0.40%,2.11B
HAFN,Hafnia Limited,2.66B,5.29,-,3.04B
FCPT,"Four Corners Property Trust, Inc.",2.66B,27.43,-0.87%,264.88M
CNR,"Core Natural Resources, Inc.",2.66B,90.34,-2.19%,2.24B
TOWN,TowneBank,2.65B,35.77,-0.33%,694.30M
EWTX,"Edgewise Therapeutics, Inc.",2.65B,28.02,0.07%,-
NVCR,NovoCure Limited,2.65B,24.52,-3.88%,577.74M
QS,QuantumScape Corporation,2.65B,5.17,-0.58%,-
CDE,"Coeur Mining, Inc.",2.63B,6.60,-3.65%,1.01B
CALX,"Calix, Inc.",2.63B,39.68,-1.24%,831.52M
YELP,Yelp Inc.,2.63B,39.94,-1.36%,1.39B
BB,BlackBerry Limited,2.62B,4.440,0.68%,638.00M
ESRT,"Empire State Realty Trust, Inc.",2.62B,9.56,0.53%,758.43M
MRX,Marex Group plc,2.60B,35.69,-0.50%,1.54B
MCW,"Mister Car Wash, Inc.",2.58B,8.02,-3.02%,973.70M
FRME,First Merchants Corporation,2.58B,44.44,4.05%,610.99M
SIG,Signet Jewelers Limited,2.58B,59.23,-1.82%,6.85B
CURB,Curbline Properties Corp.,2.57B,24.47,-1.13%,111.43M
KYMR,"Kymera Therapeutics, Inc.",2.56B,39.59,-2.13%,87.56M
AZZ,AZZ Inc.,2.56B,85.79,-2.19%,1.59B
AMRX,"Amneal Pharmaceuticals, Inc.",2.56B,8.26,-3.73%,2.68B
SEMR,"Semrush Holdings, Inc.",2.56B,17.44,0.40%,357.57M
GCMG,GCM Grosvenor Inc.,2.56B,13.52,0.45%,462.59M
APPN,Appian Corporation,2.55B,35.09,-0.23%,595.66M
SAH,"Sonic Automotive, Inc.",2.54B,74.25,-1.32%,13.91B
SWI,SolarWinds Corporation,2.54B,14.88,-0.67%,784.73M
SEM,Select Medical Holdings Corporation,2.54B,19.67,-0.81%,6.97B
ESBA,"Empire State Realty OP, L.P.",2.53B,9.23,-2.53%,758.43M
AIN,Albany International Corp.,2.53B,80.75,0.54%,1.27B
GT,The Goodyear Tire & Rubber Company,2.53B,8.87,-3.90%,19.05B
IBRX,"ImmunityBio, Inc.",2.52B,3.450,-0.58%,7.33M
OII,"Oceaneering International, Inc.",2.51B,24.85,-2.05%,2.60B
KWR,Quaker Chemical Corporation,2.51B,141.18,0.19%,1.86B
MESO,Mesoblast Limited,2.51B,20.14,3.18%,5.90M
TTMI,"TTM Technologies, Inc.",2.51B,24.59,0.04%,2.36B
JANX,"Janux Therapeutics, Inc.",2.51B,43.48,-2.92%,13.05M
AGYS,"Agilysys, Inc.",2.50B,90.22,-1.68%,263.57M
PPBI,"Pacific Premier Bancorp, Inc.",2.50B,25.90,-0.31%,615.00M
PRGS,Progress Software Corporation,2.49B,57.33,0.58%,753.41M
NEOG,Neogen Corporation,2.49B,11.46,-0.17%,913.83M
MRCY,"Mercury Systems, Inc.",2.49B,41.69,2.68%,858.72M
MLCO,Melco Resorts & Entertainment Limited,2.48B,5.91,-5.59%,4.54B
ARWR,"Arrowhead Pharmaceuticals, Inc.",2.47B,19.88,-1.73%,3.55M
BATRA,"Atlanta Braves Holdings, Inc.",2.47B,42.69,-0.56%,678.38M
RNST,Renasant Corporation,2.47B,38.88,-0.82%,706.53M
AZTA,"Azenta, Inc.",2.47B,54.05,0.26%,656.32M
CSAN,Cosan S.A.,2.47B,5.39,-3.23%,7.66B
FBK,FB Financial Corporation,2.46B,52.81,-0.40%,443.57M
FLOC,Flowco Holdings Inc.,2.46B,28.00,-3.35%,424.75M
EPAC,Enerpac Tool Group Corp.,2.46B,45.19,0.62%,592.74M
CEPU,Central Puerto S.A.,2.45B,14.52,-0.48%,375.58M
ENR,"Energizer Holdings, Inc.",2.45B,33.99,-0.47%,2.89B
LXP,LXP Industrial Trust,2.45B,8.32,-1.42%,340.56M
TRIP,"Tripadvisor, Inc.",2.45B,17.56,0.46%,1.81B
KLC,"KinderCare Learning Companies, Inc.",2.45B,20.74,-2.03%,2.63B
MTX,Minerals Technologies Inc.,2.45B,76.69,-0.72%,2.12B
BANR,Banner Corporation,2.44B,70.67,-0.56%,601.02M
RPD,"Rapid7, Inc.",2.43B,38.52,-1.10%,833.01M
TNDM,"Tandem Diabetes Care, Inc.",2.43B,37.06,0.14%,854.35M
PFS,"Provident Financial Services, Inc.",2.42B,18.57,0.05%,607.16M
MGNI,"Magnite, Inc.",2.42B,17.20,-1.60%,661.13M
WAFD,"WaFd, Inc.",2.42B,29.68,-0.93%,708.75M
SBCF,Seacoast Banking Corporation of Florida,2.41B,28.45,0.53%,499.14M
BATRK,"Atlanta Braves Holdings, Inc.",2.41B,38.75,0.13%,678.38M
FLYW,Flywire Corporation,2.40B,19.33,-1.02%,475.14M
NGD,New Gold Inc.,2.40B,3.020,-0.66%,861.50M
HI,"Hillenbrand, Inc.",2.39B,33.99,-0.50%,3.18B
AIR,AAR Corp.,2.39B,67.76,-1.57%,2.57B
STRA,"Strategic Education, Inc.",2.39B,98.23,-0.37%,1.21B
WB,Weibo Corporation,2.39B,9.82,-4.94%,1.76B
CENT,Central Garden & Pet Company,2.39B,36.49,-0.90%,3.20B
NAMS,NewAmsterdam Pharma Company N.V.,2.39B,22.29,2.39%,33.59M
AMR,"Alpha Metallurgical Resources, Inc.",2.38B,183.17,-2.00%,3.30B
HNI,HNI Corporation,2.38B,49.85,-1.60%,2.56B
KLIC,"Kulicke and Soffa Industries, Inc.",2.38B,44.35,0.05%,706.23M
BKE,"The Buckle, Inc.",2.37B,47.61,-2.08%,1.22B
LMND,"Lemonade, Inc.",2.37B,33.24,-1.48%,492.50M
SPB,"Spectrum Brands Holdings, Inc.",2.37B,84.56,-1.82%,2.96B
SEB,Seaboard Corporation,2.37B,"2,438.34",-0.30%,8.90B
CCS,"Century Communities, Inc.",2.36B,76.38,-2.33%,4.40B
FLNC,"Fluence Energy, Inc.",2.36B,13.01,-5.86%,2.70B
VERA,"Vera Therapeutics, Inc.",2.36B,37.28,-0.53%,-
SDRL,Seadrill Limited,2.36B,36.16,-0.88%,1.47B
SPNT,SiriusPoint Ltd.,2.36B,14.56,-1.69%,2.61B
APGE,"Apogee Therapeutics, Inc.",2.35B,41.36,-2.68%,-
RNW,ReNew Energy Global Plc,2.35B,6.48,0.31%,998.53M
MIRM,"Mirum Pharmaceuticals, Inc.",2.35B,48.88,0.91%,307.03M
WSBC,"WesBanco, Inc.",2.34B,35.04,0.11%,586.99M
ROIC,Retail Opportunity Investments Corp.,2.34B,17.47,0.17%,336.79M
YY,JOYY Inc.,2.33B,43.35,-4.18%,2.26B
RZLV,Rezolve AI Limited,2.33B,2.500,-2.34%,-
HCM,HUTCHMED (China) Limited,2.33B,13.52,-2.10%,610.81M
PAGS,PagSeguro Digital Ltd.,2.32B,7.45,-2.61%,3.23B
VC,Visteon Corporation,2.32B,84.06,-3.09%,3.92B
DAN,Dana Incorporated,2.31B,15.94,-3.86%,10.44B
CWH,"Camping World Holdings, Inc.",2.31B,23.09,-2.16%,6.00B
NATL,NCR Atleos Corporation,2.31B,31.86,-2.93%,4.31B
VICR,Vicor Corporation,2.31B,51.14,0.87%,355.54M
ZD,"Ziff Davis, Inc.",2.30B,53.89,-0.20%,1.38B
VSH,"Vishay Intertechnology, Inc.",2.30B,16.93,1.68%,3.01B
INTR,"Inter & Co, Inc.",2.30B,5.23,-0.57%,767.73M
IVT,InvenTrust Properties Corp.,2.29B,29.74,-1.13%,294.56M
ZGN,Ermenegildo Zegna N.V.,2.29B,9.08,-3.71%,2.10B
CERT,"Certara, Inc.",2.29B,14.23,1.64%,372.80M
CGON,"CG Oncology, Inc.",2.29B,30.07,-0.27%,684.00K
TRMK,Trustmark Corporation,2.29B,37.50,0.27%,532.32M
JBLU,JetBlue Airways Corporation,2.28B,6.58,4.11%,9.28B
MYRG,MYR Group Inc.,2.28B,141.57,-1.81%,3.54B
PWP,Perella Weinberg Partners,2.28B,25.82,-0.96%,864.77M
SHO,"Sunstone Hotel Investors, Inc.",2.28B,11.33,-1.39%,910.26M
ENVX,Enovix Corporation,2.27B,12.06,-2.58%,20.74M
TMDX,"TransMedics Group, Inc.",2.27B,67.55,0.90%,401.09M
CXM,"Sprinklr, Inc.",2.27B,8.91,0.34%,788.06M
CXW,"CoreCivic, Inc.",2.26B,20.46,-1.21%,1.97B
PACS,"PACS Group, Inc.",2.25B,14.53,4.38%,3.56B
PTGX,"Protagonist Therapeutics, Inc.",2.25B,37.80,-3.37%,323.80M
STNG,Scorpio Tankers Inc.,2.25B,47.62,-0.65%,1.38B
CCU,Compañía Cervecerías Unidas S.A.,2.25B,12.14,0.25%,2.80B
NBTB,NBT Bancorp Inc.,2.25B,47.63,-0.15%,557.34M
ADUS,Addus HomeCare Corporation,2.24B,125.16,-0.93%,1.13B
VTMX,"Corporación Inmobiliaria Vesta, S.A.B. de C.V.",2.24B,26.24,-2.81%,243.24M
ALG,Alamo Group Inc.,2.24B,185.56,-1.60%,1.66B
HWKN,"Hawkins, Inc.",2.24B,106.91,0.56%,952.13M
ARCB,ArcBest Corporation,2.24B,95.61,1.16%,4.18B
RVLV,"Revolve Group, Inc.",2.23B,31.58,0.61%,1.09B
DKL,"Delek Logistics Partners, LP",2.23B,43.37,-2.17%,984.92M
WERN,"Werner Enterprises, Inc.",2.23B,36.10,-1.72%,3.10B
CNTA,Centessa Pharmaceuticals plc,2.23B,16.92,0.06%,6.85M
SOC,Sable Offshore Corp.,2.22B,24.93,-0.16%,-
OSW,OneSpaWorld Holdings Limited,2.22B,21.36,-1.11%,872.62M
IBTA,"Ibotta, Inc.",2.22B,72.50,-2.95%,368.55M
RAMP,"LiveRamp Holdings, Inc.",2.22B,34.00,-1.28%,707.17M
CNMD,CONMED Corporation,2.22B,71.78,1.30%,1.29B
TR,"Tootsie Roll Industries, Inc.",2.22B,31.06,-0.45%,727.12M
EFSC,Enterprise Financial Services Corp,2.21B,59.84,-0.47%,607.34M
WLY,"John Wiley & Sons, Inc.",2.21B,40.93,-1.23%,1.76B
HRMY,"Harmony Biosciences Holdings, Inc.",2.21B,38.77,-1.95%,681.88M
ACLS,"Axcelis Technologies, Inc.",2.21B,68.00,-3.06%,1.08B
SXI,Standex International Corporation,2.21B,182.70,-2.07%,717.74M
NEXT,NextDecade Corporation,2.21B,8.48,-2.19%,-
BTU,Peabody Energy Corporation,2.21B,18.15,-1.09%,4.35B
LGND,Ligand Pharmaceuticals Incorporated,2.20B,116.55,-1.76%,152.42M
MBC,"MasterBrand, Inc.",2.20B,17.32,-2.81%,2.71B
CLOV,"Clover Health Investments, Corp.",2.20B,4.390,-0.90%,2.12B
LSPD,Lightspeed Commerce Inc.,2.20B,14.43,-1.70%,1.01B
IREN,IREN Limited,2.19B,10.22,-0.78%,208.75M
ICFI,"ICF International, Inc.",2.19B,116.71,-2.62%,2.00B
AVDX,"AvidXchange Holdings, Inc.",2.18B,10.60,-0.56%,427.57M
LMAT,"LeMaitre Vascular, Inc.",2.18B,96.93,-3.22%,213.03M
PINC,"Premier, Inc.",2.18B,22.66,-1.48%,1.33B
CHEF,"The Chefs' Warehouse, Inc.",2.18B,53.86,-1.23%,3.71B
KAR,"OPENLANE, Inc.",2.17B,20.31,-2.12%,1.69B
SYBT,"Stock Yards Bancorp, Inc.",2.17B,73.71,-0.87%,342.55M
SLNO,"Soleno Therapeutics, Inc.",2.17B,50.23,0.78%,-
DFH,"Dream Finders Homes, Inc.",2.16B,23.07,-4.39%,4.03B
AGM,Federal Agricultural Mortgage Corporation,2.15B,197.78,-0.82%,347.66M
PSNY,Polestar Automotive Holding UK PLC,2.15B,1.020,-1.92%,2.05B
ZIM,ZIM Integrated Shipping Services Ltd.,2.14B,17.80,-1.55%,7.47B
ARDT,"Ardent Health Partners, Inc.",2.14B,15.00,-0.33%,5.71B
PHIN,PHINIA Inc.,2.14B,50.89,-1.40%,3.45B
COCO,"The Vita Coco Company, Inc.",2.12B,37.44,-1.68%,494.86M
PLUS,ePlus inc.,2.12B,79.90,1.01%,2.12B
CMBT,Cmb.Tech NV,2.12B,10.79,-3.49%,982.85M
SUPN,"Supernus Pharmaceuticals, Inc.",2.12B,38.37,-0.83%,651.97M
UFPT,"UFP Technologies, Inc.",2.11B,274.66,-0.47%,461.85M
CENTA,Central Garden & Pet Company,2.11B,31.19,-0.80%,3.20B
UPWK,Upwork Inc.,2.11B,15.76,-1.68%,761.78M
IDYA,"IDEAYA Biosciences, Inc.",2.10B,24.35,1.97%,3.92M
AGM.A,Federal Agricultural Mortgage Corporation,2.10B,149.99,-0.01%,347.66M
LGIH,"LGI Homes, Inc.",2.10B,89.28,-3.77%,2.25B
EXTR,"Extreme Networks, Inc.",2.10B,15.81,1.35%,1.02B
WOR,"Worthington Enterprises, Inc.",2.10B,41.90,-3.30%,1.17B
CRTO,Criteo S.A.,2.10B,37.99,0.03%,1.95B
MTRN,Materion Corporation,2.10B,101.00,-0.75%,1.67B
VSEC,VSE Corporation,2.09B,102.35,-0.68%,1.02B
TSLX,"Sixth Street Specialty Lending, Inc.",2.09B,22.38,0.45%,478.36M
OMCL,"Omnicell, Inc.",2.08B,44.99,-0.71%,1.06B
IQ,"iQIYI, Inc.",2.08B,2.170,-6.47%,4.32B
GBX,"The Greenbrier Companies, Inc.",2.08B,66.26,-1.30%,3.61B
HURN,Huron Consulting Group Inc.,2.07B,126.78,-4.51%,1.44B
LION,Lionsgate Studios Corp.,2.07B,7.17,-2.05%,2.98B
BKV,BKV Corporation,2.07B,24.50,-1.69%,624.58M
EVTC,"EVERTEC, Inc.",2.07B,32.47,0.09%,823.71M
SID,Companhia Siderúrgica Nacional,2.06B,1.580,-1.86%,8.02B
BEAM,Beam Therapeutics Inc.,2.06B,25.92,-4.99%,349.64M
GENI,Genius Sports Limited,2.06B,8.83,-1.23%,462.54M
WGS,GeneDx Holdings Corp.,2.06B,74.85,-3.87%,267.23M
TARS,"Tarsus Pharmaceuticals, Inc.",2.06B,53.76,3.90%,129.62M
GTX,Garrett Motion Inc.,2.05B,9.58,-2.24%,3.58B
DBRG,"DigitalBridge Group, Inc.",2.04B,10.97,1.01%,876.65M
HUT,Hut 8 Corp.,2.03B,21.69,0.88%,194.02M
IIPR,"Innovative Industrial Properties, Inc.",2.03B,71.68,-1.88%,310.93M
RUN,Sunrun Inc.,2.03B,9.05,-3.93%,2.04B
IART,Integra LifeSciences Holdings Corporation,2.01B,26.10,-0.91%,1.56B
TRUP,"Trupanion, Inc.",2.01B,47.44,-0.90%,1.24B
LU,Lufax Holding Ltd,2.00B,2.310,-2.94%,4.67B
ORLA,Orla Mining Ltd.,1.98B,6.17,-0.48%,314.10M
